--BUOI 1
CREATE DATABASE QLYBANHANG;
USE QLYBANHANG;

CREATE TABLE KHACHHANG (
	MAKH CHAR(4) CONSTRAINT PK_KH PRIMARY KEY,
	HOTEN VARCHAR(40),
	DCHI VARCHAR(50),
	SODT VARCHAR(20),
	NGSINH SMALLDATETIME,
	NGDK SMALLDATETIME,
	DOANHSO MONEY
	-- TAO PRIMARY KEY MUC BANG
	-- CONSTRAINT PK_KHACHHANG PRIMARY KEY(MAKH)
)

CREATE TABLE NHANVIEN (
	MANV CHAR(4),
	HOTEN VARCHAR(40),
	SODT VARCHAR(20),
	NGVL SMALLDATETIME,
	CONSTRAINT PK_NHANVIEN PRIMARY KEY(MANV)
)

CREATE TABLE SANPHAM (
	MASP CHAR(4) CONSTRAINT PK_SANPHAM PRIMARY KEY,
	TENSP VARCHAR(40),
	DVT VARCHAR(20),
	NUOCSX VARCHAR(40),
	GIA MONEY
)

CREATE TABLE HOADON (
	SOHD INT CONSTRAINT PK_HOADON PRIMARY KEY,
	NGHD SMALLDATETIME,
	MAKH CHAR(4),
	MANV CHAR(4),
	TRIGIA MONEY
)

CREATE TABLE CTHD (
	SOHD INT,
	MASP CHAR(4),
	SL INT,
	CONSTRAINT PK_CTHD PRIMARY KEY(SOHD, MASP)
)

ALTER TABLE HOADON
ADD CONSTRAINT FK_HOADON_KHACHHANG FOREIGN KEY (MAKH) REFERENCES KHACHHANG(MAKH)

ALTER TABLE HOADON
ADD CONSTRAINT FK_HOADON_NHANVIEN FOREIGN KEY (MANV) REFERENCES NHANVIEN(MANV)

ALTER TABLE CTHD
ADD CONSTRAINT FK_CTHD_SANPHAM FOREIGN KEY (SOHD) REFERENCES HOADON(SOHD)

ALTER TABLE CTHD
ADD CONSTRAINT FK_CTHD_MASP FOREIGN KEY (MASP) REFERENCES SANPHAM(MASP)

-- CÂU 2.	Thêm vào thuộc tính GHICHU có kiểu dữ liệu varchar(20) cho quan hệ SANPHAM.
ALTER TABLE SANPHAM
ADD GHICHU VARCHAR(20)

-- CÂU 3.	Thêm vào thuộc tính LOAIKH có kiểu dữ liệu là tinyint cho quan hệ KHACHHANG.
ALTER TABLE KHACHHANG
ADD LOAIKH TINYINT

-- CÂU 4.	Sửa kiểu dữ liệu của thuộc tính GHICHU trong quan hệ SANPHAM thành varchar(100).
ALTER TABLE SANPHAM
ALTER COLUMN GHICHU VARCHAR(100)

-- CÂU 5.	Xóa thuộc tính GHICHU trong quan hệ SANPHAM.
ALTER TABLE SANPHAM
DROP COLUMN GHICHU

-- CÂU 6.	Làm thế nào để thuộc tính LOAIKH trong quan hệ KHACHHANG có thể lưu các giá trị là: “Vang lai”, “Thuong xuyen”, “Vip”…
ALTER TABLE KHACHHANG
ALTER COLUMN LOAIKH VARCHAR(20)

-- CÂU 7.	Đơn vị tính của sản phẩm chỉ có thể là (“cay”,”hop”,”cai”,”quyen”,”chuc”)
ALTER TABLE SANPHAM
ADD CHECK (DVT = 'cay' OR DVT = 'cai' OR DVT = 'hop' OR DVT = 'quyen' OR DVT = 'chuc')

-- CÂU 8.	Giá bán của sản phẩm từ 500 đồng trở lên.
ALTER TABLE SANPHAM
ADD CHECK (GIA >= 500)

-- CÂU 9.	Mỗi lần mua hàng, khách hàng phải mua ít nhất 1 sản phẩm.
ALTER TABLE CTHD
ADD CHECK (SL >= 1)

-- CÂU 10.	Ngày khách hàng đăng ký là khách hàng thành viên phải lớn hơn ngày sinh của người đó.
ALTER TABLE KHACHHANG
ADD CHECK (NGDK > NGSINH)
ALTER TABLE KHACHHANG
DROP CONSTRAINT CK__KHACHHANG__LOAIK__4316F928;

-- Buoi 2
-- SANPHAM
INSERT INTO SANPHAM VALUES('BC01', 'But chi', 'cay', 'Singapore', 3000)
INSERT INTO SANPHAM VALUES('BC02', 'But chi', 'cay', 'Singapore', 5000)
INSERT INTO SANPHAM VALUES('BC03', 'But chi', 'cay', 'Viet Nam', 3500)
INSERT INTO SANPHAM VALUES('BC04', 'But chi', 'hop', 'Viet Nam', 30000)
INSERT INTO SANPHAM VALUES('BB01', 'But bi', 'cay', 'Viet Nam', 5000)
INSERT INTO SANPHAM VALUES('BB02', 'But bi', 'cay', 'Trung Quoc', 7000)
INSERT INTO SANPHAM VALUES('BB03', 'But bi', 'hop', 'Thai Lan', 100000)
INSERT INTO SANPHAM VALUES('TV01', 'Tap 100 giay mong', 'quyen', 'Trung Quoc', 2500)
INSERT INTO SANPHAM VALUES('TV02', 'Tap 200 giay mong', 'quyen', 'Trung Quoc', 4500)
INSERT INTO SANPHAM VALUES('TV03', 'Tap 100 giay tot', 'quyen', 'Viet Nam', 3000)
INSERT INTO SANPHAM VALUES('TV04', 'Tap 200 giay tot', 'quyen', 'Viet Nam', 5500)
INSERT INTO SANPHAM VALUES('TV05', 'Tap 100 trang', 'chuc', 'Viet Nam', 23000)
INSERT INTO SANPHAM VALUES('TV06', 'Tap 200 trang', 'chuc', 'Viet Nam', 53000)
INSERT INTO SANPHAM VALUES('TV07', 'Tap 100 trang', 'chuc', 'Trung Quoc', 34000)
INSERT INTO SANPHAM VALUES('ST01', 'So tay 500 trang', 'quyen', 'Trung Quoc', 40000)
INSERT INTO SANPHAM VALUES('ST02', 'So tay loai 1', 'quyen', 'Viet Nam', 55000)
INSERT INTO SANPHAM VALUES('ST03', 'So tay loai 2', 'quyen', 'Viet Nam', 51000)
INSERT INTO SANPHAM VALUES('ST04', 'So tay', 'quyen', 'Thai Lan', 55000)
INSERT INTO SANPHAM VALUES('ST05', 'So tay mong', 'quyen', 'Thai Lan', 20000)
INSERT INTO SANPHAM VALUES('ST06', 'Phan viet bang', 'hop', 'Viet Nam', 5000)
INSERT INTO SANPHAM VALUES('ST07', 'Phan khong bui', 'hop', 'Viet Nam', 7000)
INSERT INTO SANPHAM VALUES('ST08', 'Bong bang', 'cai', 'Viet Nam', 1000)
INSERT INTO SANPHAM VALUES('ST09', 'But long', 'cay', 'Viet Nam', 5000)
INSERT INTO SANPHAM VALUES('ST10', 'But long', 'cay', 'Trung Quoc', 7000)
SELECT * FROM SANPHAM

--HOA DON
SET DATEFORMAT DMY
INSERT INTO HOADON (SOHD, NGHD, MAKH, MANV, TRIGIA) VALUES
(1001, '23/07/2006', 'KH01', 'NV01', 320000),
(1002, '12/08/2006', 'KH01', 'NV02', 840000),
(1003, '23/08/2006', 'KH02', 'NV01', 100000), 
(1004, '01/09/2006', 'KH02', 'NV01', 180000), 
(1005, '20/10/2006', 'KH01', 'NV02', 3800000), 
(1006, '16/10/2006', 'KH01', 'NV03', 2430000), 
(1007, '28/10/2006', 'KH03', 'NV03', 510000), 
(1008, '28/10/2006', 'KH01', 'NV03', 440000), 
(1009, '28/10/2006', 'KH03', 'NV04', 200000), 
(1010, '01/11/2006', 'KH01', 'NV01', 5200000), 
(1011, '04/11/2006', 'KH04', 'NV03', 250000), 
(1012, '30/11/2006', 'KH05', 'NV03', 21000), 
(1013, '12/12/2006', 'KH06', 'NV01', 5000), 
(1014, '31/12/2006', 'KH03', 'NV02', 3150000), 
(1015, '01/01/2007', 'KH06', 'NV01', 910000), 
(1016, '01/01/2007', 'KH07', 'NV02', 12500), 
(1017, '02/01/2007', 'KH08', 'NV03', 35000), 
(1018, '13/01/2007', 'KH08', 'NV03', 330000), 
(1019, '13/01/2007', 'KH01', 'NV03', 30000), 
(1020, '14/01/2007', 'KH09', 'NV04', 70000), 
(1021, '16/01/2007', 'KH10', 'NV03', 67500), 
(1022, '16/01/2007', NULL, 'NV03', 7000), 
(1023, '17/01/2007', NULL, 'NV01', 330000); 
SELECT * FROM HOADON

INSERT INTO CTHD (SOHD, MASP, SL) VALUES
(1001, 'TV02', 10),
(1001, 'ST01', 5),
(1001, 'BC01', 5),
(1001, 'BC02', 10),
(1001, 'ST08', 10),
(1002, 'BC04', 20),
(1002, 'BB01', 20),
(1002, 'BB02', 20),
(1003, 'BB03', 10),
(1004, 'TV01', 20),
(1004, 'TV02', 10),
(1004, 'TV03', 10),
(1004, 'TV04', 10),
(1005, 'TV05', 50),
(1005, 'TV06', 50),
(1006, 'TV07', 20),
(1006, 'ST01', 30),
(1006, 'ST02', 10),
(1007, 'ST03', 10),
(1008, 'ST04', 8),
(1009, 'ST05', 10),
(1010, 'TV07', 50),
(1010, 'ST07', 50),
(1010, 'ST08', 100),
(1010, 'ST04', 50),
(1010, 'TV03', 100),
(1011, 'ST06', 50),
(1012, 'ST07', 3),
(1013, 'ST08', 5),
(1014, 'BC02', 80),
(1014, 'BB02', 100),
(1014, 'BC04', 60),
(1014, 'BB01', 50),
(1015, 'BB02', 30),
(1015, 'BB03', 7),
(1016, 'TV01', 5),
(1017, 'TV02', 1),
(1017, 'TV03', 1),
(1017, 'TV04', 5),
(1018, 'ST04', 6),
(1019, 'ST05', 1),
(1019, 'ST06', 2),
(1020, 'ST07', 10),
(1021, 'ST08', 5),
(1021, 'TV01', 7),
(1021, 'TV02', 10),
(1022, 'ST07', 1),
(1023, 'ST04', 6);
SELECT * FROM CTHD

SET DATEFORMAT DMY
INSERT INTO NHANVIEN (MANV, HOTEN, SODT, NGVL) VALUES
('NV01', 'Nguyen Nhu Nhut', '0927345678', '13/04/2006'),
('NV02', 'Le Thi Phi Yen', '0987567390', '21/04/2006'),
('NV03', 'Nguyen Van B', '0997047382', '27/04/2006'),
('NV04', 'Ngo Thanh Tuan', '0913758498', '24/06/2006'),
('NV05', 'Nguyen Thi Truc Thanh', '0918590387', '20/07/2006');
SELECT * FROM NHANVIEN

SET DATEFORMAT DMY
INSERT INTO KHACHHANG (MAKH, HOTEN, DCHI, SODT, NGSINH, NGDK, DOANHSO) VALUES
('KH01', 'Nguyen Van A', '731 Tran Hung Dao, Q5, TpHCM', '08823451', '22/10/1960', '22/07/2006', 13060000),
('KH02', 'Tran Ngoc Han', '23/5 Nguyen Trai, Q5, TpHCM', '0908256478', '03/04/1974', '30/07/2006', 280000),
('KH03', 'Tran Ngoc Linh', '45 Nguyen Canh Chan, Q1, TpHCM', '0938776266', '12/06/1980', '05/08/2006', 3860000),
('KH04', 'Tran Minh Long', '50/34 Le Dai Hanh, Q10, TpHCM', '0917325476', '09/03/1965', '02/10/2006', 250000),
('KH05', 'Le Nhat Minh', '34 Truong Dinh, Q3, TpHCM', '08246108', '10/03/1950', '28/10/2006', 21000),
('KH06', 'Le Hoai Thuong', '227 Nguyen Van Cu, Q5, TpHCM', '08631738', '31/12/1981', '24/11/2006', 915000),
('KH07', 'Nguyen Van Tam', '32/3 Tran Binh Trong, Q5, TpHCM', '0916783565', '06/04/1971', '01/12/2006', 12500),
('KH08', 'Phan Thi Thanh', '45/2 An Duong Vuong, Q5, TpHCM', '0938435756', '10/01/1971', '13/12/2006', 365000),
('KH09', 'Le Ha Vinh', '873 Le Hong Phong, Q5, TpHCM', '08654763', '03/09/1979', '14/01/2007', 70000),
('KH10', 'Ha Duy Lap', '34/34B Nguyen Trai, Q1, TpHCM', '08768904', '02/05/1983', '16/01/2007', 67500);
SELECT * FROM KHACHHANG
DELETE FROM KHACHHANG
DELETE FROM NHANVIEN
DELETE FROM HOADON
DELETE FROM CTHD
DELETE FROM SANPHAM
-- CÂU 2.	Tạo quan hệ SANPHAM1 chứa toàn bộ dữ liệu của quan hệ SANPHAM. Tạo quan hệ KHACHHANG1 chứa toàn bộ dữ liệu của quan hệ KHACHHANG.
SELECT * INTO SANPHAM1 FROM SANPHAM
SELECT * INTO KHACHHANG1 FROM KHACHHANG

-- CÂU 3.	Cập nhật giá tăng 5% đối với những sản phẩm do “Thai Lan” sản xuất (cho quan hệ SANPHAM1)
UPDATE SANPHAM1
SET GIA = 1.05 * GIA
WHERE (NUOCSX = 'Thai Lan')

-- CÂU 4.	Cập nhật giá giảm 5% đối với những sản phẩm do “Trung Quoc” sản xuất có giá từ 10.000 trở xuống (cho quan hệ SANPHAM1).
UPDATE SANPHAM1
SET GIA = 0.95 * GIA
WHERE (NUOCSX = 'Trung Quoc' AND GIA <= 10000)

-- CÂU 5.	Cập nhật giá trị LOAIKH là “Vip” đối với những khách hàng đăng ký thành viên trước ngày 1/1/2007 có doanh số từ 10.000.000 trở lên hoặc khách hàng đăng ký thành viên từ 1/1/2007 trở về sau có doanh số từ 2.000.000 trở lên (cho quan hệ KHACHHANG1).
UPDATE KHACHHANG1
SET LOAIKH = 'Vip'
WHERE (NGDK < '2007/01/01' AND DOANHSO >= 10000000)
OR (NGDK >= '2007/01/01' AND DOANHSO >= 2000000)

-- CÂU 1.	In ra danh sách các sản phẩm (MASP,TENSP) do “Trung Quoc” sản xuất.
SELECT MASP, TENSP
FROM SANPHAM
WHERE NUOCSX = 'Trung Quoc'
-- CÂU 2.	In ra danh sách các sản phẩm (MASP, TENSP) có đơn vị tính là “cay”, ”quyen”.
SELECT MASP, TENSP
FROM SANPHAM
WHERE (DVT = 'cay' or DVT = 'quyen')
-- CÂU 3.	In ra danh sách các sản phẩm (MASP,TENSP) có mã sản phẩm bắt đầu là “B” và kết thúc là “01”.
SELECT MASP, TENSP
FROM SANPHAM
WHERE LEFT(MASP, 1) = 'B'
AND RIGHT(MASP, 2) = '01'
-- CÂU 4.	In ra danh sách các sản phẩm (MASP,TENSP) do “Trung Quốc” sản xuất có giá từ 30.000 đến 40.000.
SELECT MASP, TENSP
FROM SANPHAM
WHERE NUOCSX = 'Trung Quoc' AND GIA BETWEEN 30000 AND 40000
-- CÂU 5.	In ra danh sách các sản phẩm (MASP,TENSP) do “Trung Quoc” hoặc “Thai Lan” sản xuất có giá từ 30.000 đến 40.000.
SELECT MASP, TENSP
FROM SANPHAM
WHERE NUOCSX IN ('Trung Quoc', 'Thai Lan')
AND GIA BETWEEN 30000 AND 40000
-- CÂU 6.	In ra các số hóa đơn, trị giá hóa đơn bán ra trong ngày 1/1/2007 và ngày 2/1/2007.
SELECT SOHD, TRIGIA 
FROM HOADON
WHERE NGHD BETWEEN '01/01/2007' AND '02/01/2007'
-- CÂU 7.	In ra các số hóa đơn, trị giá hóa đơn trong tháng 1/2007, sắp xếp theo ngày (tăng dần) và trị giá của hóa đơn (giảm dần).
SELECT SOHD, TRIGIA
FROM HOADON
WHERE MONTH(NGHD) = 1 AND YEAR(NGHD) = 2007
ORDER BY NGHD ASC, TRIGIA DESC
-- CÂU 8.	In ra danh sách các khách hàng (MAKH, HOTEN) đã mua hàng trong ngày 1/1/2007.
SELECT KH.MAKH, KH.HOTEN
FROM 
	KHACHHANG KH
INNER JOIN
	HOADON HD
ON KH.MAKH = HD.MAKH
WHERE HD.NGHD = '01/01/2007' 

-- CÂU 9.	In ra số hóa đơn, trị giá các hóa đơn do nhân viên có tên “Nguyen Van B” lập trong ngày 28/10/2006.
SELECT H.SOHD, H.TRIGIA 
FROM 
	NHANVIEN NV
INNER JOIN 
	HOADON H
ON NV.MANV = H.MANV
WHERE NV.HOTEN = 'Nguyen Van B' 
AND H.NGHD = '28/10/2006'
-- CÂU 10.	In ra danh sách các sản phẩm (MASP,TENSP) được khách hàng có tên “Nguyen Van A” mua trong tháng 10/2006.
SELECT SANPHAM.MASP, SANPHAM.TENSP
FROM 
	CTHD
	INNER JOIN 
	SANPHAM
	ON CTHD.MASP = SANPHAM.MASP
	INNER JOIN 
	HOADON 
	ON HOADON.SOHD = CTHD.SOHD
	INNER JOIN
	KHACHHANG
	ON KHACHHANG.MAKH = HOADON.MAKH
WHERE KHACHHANG.HOTEN = 'Nguyen Van A' 
AND MONTH(HOADON.NGHD) = 10
AND YEAR(HOADON.NGHD) = 2006
-- CÂU 11.	Tìm các số hóa đơn đã mua sản phẩm có mã số “BB01” hoặc “BB02”.
SELECT SOHD 
FROM CTHD
WHERE MASP = 'BB01'
UNION
SELECT SOHD
FROM CTHD
WHERE MASP = 'BB02'


-- Buổi 3
-- BAI TAP 1. Sinh viên hoàn thành Phần III bài tập QuanLyBanHang câu 12 và câu 13. 
-- 12.	Tìm các số hóa đơn đã mua sản phẩm có mã số “BB01” hoặc “BB02”, mỗi sản phẩm mua với số lượng từ 10 đến 20.
SELECT SOHD
FROM CTHD 
WHERE SL BETWEEN 10 AND 20 AND MASP = 'BB01'
UNION
SELECT SOHD
FROM CTHD
WHERE SL BETWEEN 10 AND 20 AND MASP = 'BB02' 

-- 13.	Tìm các số hóa đơn mua cùng lúc 2 sản phẩm có mã số “BB01” và “BB02”, mỗi sản phẩm mua với số lượng từ 10 đến 20.
SELECT SOHD
FROM CTHD
WHERE SL BETWEEN 10 AND 20 AND MASP = 'BB01'
INTERSECT
SELECT SOHD
FROM CTHD
WHERE SL BETWEEN 10 AND 20 AND MASP = 'BB02'

-- BAI TAP 3
-- 14.	In ra danh sách các sản phẩm (MASP,TENSP) do “Trung Quoc” sản xuất 
-- hoặc các sản phẩm được bán ra trong ngày 1/1/2007.
SELECT MASP, TENSP
FROM SANPHAM
WHERE NUOCSX = 'Trung Quoc'
UNION 
SELECT MASP, TENSP
FROM SANPHAM
WHERE MASP IN (SELECT MASP
			   FROM CTHD 
			   INNER JOIN HOADON HD
			   ON CTHD.SOHD = HD.SOHD
			   WHERE NGHD = '01/01/2007')

-- 15.	In ra danh sách các sản phẩm (MASP,TENSP) không bán được.
SELECT MASP, TENSP 
FROM SANPHAM
EXCEPT
SELECT CTHD.MASP, TENSP 
FROM CTHD 
INNER JOIN SANPHAM SP ON CTHD.MASP = SP.MASP

-- 16.	In ra danh sách các sản phẩm (MASP,TENSP) không bán được trong năm 2006.
SELECT MASP, TENSP 
FROM SANPHAM
EXCEPT
SELECT CTHD.MASP, TENSP
FROM CTHD
INNER JOIN SANPHAM SP ON CTHD.MASP = SP.MASP
INNER JOIN HOADON HD ON CTHD.SOHD = HD.SOHD
WHERE YEAR(NGHD) = 2006

-- CÁCH 2
SELECT MASP, TENSP 
FROM SANPHAM
WHERE MASP NOT IN (SELECT MASP
					FROM CTHD 
					INNER JOIN HOADON HD ON CTHD.SOHD = HD.SOHD
					WHERE YEAR(NGHD) = 2006)
-- 17.	In ra danh sách các sản phẩm (MASP,TENSP) do “Trung Quoc” sản xuất không bán được trong năm 2006.
SELECT MASP, TENSP
FROM SANPHAM
WHERE NUOCSX = 'Trung Quoc' 
AND MASP NOT IN (SELECT CTHD.MASP
					FROM CTHD
					INNER JOIN HOADON HD ON HD.SOHD = CTHD.SOHD
					AND YEAR(NGHD) = 2006)

-- 18.	Tìm số hóa đơn trong năm 2006 đã mua ít nhất tất cả các sản phẩm do Singapore sản xuất.
SELECT SOHD
FROM HOADON
WHERE YEAR(NGHD) = 2006
AND NOT EXISTS (SELECT * 
				FROM SANPHAM
				WHERE NUOCSX = 'Singapore'
				AND NOT EXISTS (SELECT * 
								FROM CTHD
								WHERE CTHD.MASP = SANPHAM.MASP
								AND CTHD.SOHD = HOADON.SOHD))

--- BUOI 4

-- BAI TAP 1
-- 19.	Có bao nhiêu hóa đơn không phải của khách hàng đăng ký thành viên mua?
SELECT COUNT(*)
FROM HOADON
WHERE MAKH NOT IN (SELECT MAKH
					FROM KHACHHANG
					WHERE KHACHHANG.MAKH = HOADON.MAKH)
-- 20. Có bao nhiêu sản phẩm khác nhau được bán ra trong năm 2006.
SELECT COUNT(DISTINCT MASP)
FROM CTHD 
	INNER JOIN 
	HOADON HD ON CTHD.SOHD = HD.SOHD
WHERE YEAR(NGHD) = 2006
-- 21.	Cho biết trị giá hóa đơn cao nhất, thấp nhất là bao nhiêu?
SELECT MIN(TRIGIA) AS THAPNHAT, MAX(TRIGIA) AS CAONHAT FROM HOADON

-- 22.	Trị giá trung bình của tất cả các hóa đơn được bán ra trong năm 2006 là bao nhiêu?
SELECT AVG(TRIGIA) AS TRUNGBINH
FROM HOADON
WHERE YEAR(NGHD) = 2006

-- 23.	Tính doanh thu bán hàng trong năm 2006.
SELECT SUM(TRIGIA) AS DOANHTHU
FROM HOADON
WHERE YEAR(NGHD) = 2006
-- 24.	Tìm số hóa đơn có trị giá cao nhất trong năm 2006.
/* C1 */
SELECT SOHD
FROM HOADON
WHERE YEAR(NGHD) = 2006 AND TRIGIA >= ALL (SELECT TRIGIA FROM HOADON)

/* C2 */
SELECT SOHD
FROM HOADON
WHERE YEAR(NGHD) = 2006 AND TRIGIA = (SELECT MAX(TRIGIA) FROM HOADON)
-- 25.	Tìm họ tên khách hàng đã mua hóa đơn có trị giá cao nhất trong năm 2006.
SELECT HOTEN
FROM KHACHHANG KH
INNER JOIN
	HOADON HD ON KH.MAKH = HD.MAKH
WHERE YEAR(NGHD) = 2006 AND TRIGIA >= ALL (SELECT MAX(TRIGIA) FROM HOADON)

/* C2 */
SELECT HOTEN
FROM KHACHHANG KH
INNER JOIN
	HOADON HD ON KH.MAKH = HD.MAKH
WHERE YEAR(NGHD) = 2006 AND TRIGIA = (SELECT MAX(TRIGIA) FROM HOADON)
-- 26.	In ra danh sách 3 khách hàng (MAKH, HOTEN) có doanh số cao nhất.
SELECT TOP 3 MAKH, HOTEN
FROM KHACHHANG
ORDER BY DOANHSO DESC
-- 27.	In ra danh sách các sản phẩm (MASP, TENSP) có giá bán bằng 1 trong 3 mức giá cao nhất.
SELECT MASP, TENSP
FROM SANPHAM
WHERE GIA IN(
	SELECT DISTINCT TOP 3 GIA -- KHAC VOI SELECT TOP 3 WITH TIES
	FROM SANPHAM
	ORDER BY GIA DESC
)
-- 28.	In ra danh sách các sản phẩm (MASP, TENSP) do “Thai Lan” sản xuất có giá bằng 1 trong 3 mức giá cao nhất (của tất cả các sản phẩm).
SELECT MASP, TENSP
FROM SANPHAM
WHERE NUOCSX = 'Thai Lan'
AND GIA IN (SELECT DISTINCT TOP 3 GIA
			FROM SANPHAM
			ORDER BY GIA DESC)

-- 29.	In ra danh sách các sản phẩm (MASP, TENSP) do “Trung Quoc” sản xuất có giá bằng 1 trong 3 mức giá cao nhất (của sản phẩm do “Trung Quoc” sản xuất).
SELECT MASP, TENSP
FROM SANPHAM
WHERE NUOCSX = 'Trung Quoc'
AND GIA IN (SELECT DISTINCT TOP 3 GIA
			FROM SANPHAM
			WHERE NUOCSX = 'Trung Quoc'
			ORDER BY GIA DESC)
-- 30.	* In ra danh sách 3 khách hàng có doanh số cao nhất (sắp xếp theo kiểu xếp hạng).
SELECT TOP 3 MAKH, HOTEN, RANK() OVER 
(ORDER BY DOANHSO DESC) RANK_KH
FROM KHACHHANG

-- BAI TAP 3
-- 31.	Tính tổng số sản phẩm do “Trung Quoc” sản xuất.
SELECT COUNT(MASP) AS TONGSO
FROM SANPHAM
WHERE NUOCSX = 'Trung Quoc'

-- 32.	Tính tổng số sản phẩm của từng nước sản xuất.
SELECT NUOCSX, COUNT(MASP) 
FROM SANPHAM
GROUP BY NUOCSX
-- 33.	Với từng nước sản xuất, tìm giá bán cao nhất, thấp nhất, trung bình của các sản phẩm.
SELECT NUOCSX, MAX(GIA) AS MAXGIA, MIN(GIA) AS MINGIA, AVG(GIA) AS AVGGIA
FROM SANPHAM 
GROUP BY NUOCSX

-- 34.	Tính doanh thu bán hàng mỗi ngày.
SELECT NGHD, SUM(TRIGIA) AS DOANHTHU
FROM HOADON
GROUP BY NGHD

-- 35.	Tính tổng số lượng của từng sản phẩm bán ra trong tháng 10/2006.
SELECT CTHD.MASP, SUM(SL) AS SOLUONG
FROM CTHD
	INNER JOIN 
	HOADON HD ON CTHD.SOHD = HD.SOHD
WHERE MONTH(NGHD) = 10 AND YEAR(NGHD) = 2006
GROUP BY CTHD.MASP

-- 36.	Tính doanh thu bán hàng của từng tháng trong năm 2006.
SELECT MONTH(NGHD) AS THANG, SUM(TRIGIA) AS DOANHTHU
FROM HOADON
WHERE YEAR(NGHD) = 2006
GROUP BY MONTH(NGHD)

-- 37.	Tìm hóa đơn có mua ít nhất 4 sản phẩm khác nhau.
SELECT SOHD
FROM CTHD
GROUP BY SOHD
HAVING COUNT(DISTINCT MASP) >= 4
-- 38.	Tìm hóa đơn có mua 3 sản phẩm do “Viet Nam” sản xuất (3 sản phẩm khác nhau).
SELECT SOHD
FROM CTHD
	INNER JOIN SANPHAM SP
	ON CTHD.MASP = SP.MASP
WHERE NUOCSX = 'Viet Nam'
GROUP BY SOHD
HAVING COUNT(DISTINCT CTHD.MASP) = 3

-- 39.	Tìm khách hàng (MAKH, HOTEN) có số lần mua hàng nhiều nhất.
/* C1 */
SELECT TOP 1 WITH TIES HD.MAKH, HOTEN, COUNT(SOHD) AS SOLAN
FROM KHACHHANG KH 
	INNER JOIN HOADON HD
	ON KH.MAKH = HD.MAKH
GROUP BY HD.MAKH, HOTEN
ORDER BY COUNT(SOHD) DESC

/* C2 */
SELECT MAKH, HOTEN FROM (
	SELECT HD.MAKH, HOTEN, RANK() OVER (ORDER BY COUNT(HD.MAKH) DESC) RANK_SOLAN 
	FROM HOADON HD INNER JOIN KHACHHANG KH 
	ON HD.MAKH = KH.MAKH
	GROUP BY HD.MAKH, HOTEN
) A
WHERE RANK_SOLAN = 1
-- 40.	Tháng mấy trong năm 2006, doanh số bán hàng cao nhất ?
/* C1 */
SELECT TOP 1 MONTH(NGHD) AS THANG, SUM(DOANHSO) AS TONGDOANHSO
FROM HOADON HD
	INNER JOIN 
	KHACHHANG KH ON HD.MAKH = KH.MAKH
WHERE YEAR(NGHD) = 2006
GROUP BY MONTH(NGHD)
ORDER BY SUM(DOANHSO) DESC

/* C2 */
SELECT THANG FROM (
	SELECT MONTH(NGHD) THANG, RANK() OVER (ORDER BY SUM(TRIGIA) DESC) RANK_TRIGIA FROM HOADON
	WHERE YEAR(NGHD) = '2006' 
	GROUP BY MONTH(NGHD)
) A
WHERE RANK_TRIGIA = 1
-- 41.	Tìm sản phẩm (MASP, TENSP) có tổng số lượng bán ra thấp nhất trong năm 2006.
/* C1 */
SELECT TOP 1 CTHD.MASP, TENSP
FROM SANPHAM SP
	 INNER JOIN CTHD ON SP.MASP = CTHD.MASP
	 INNER JOIN HOADON HD ON HD.SOHD = CTHD.SOHD
WHERE YEAR(NGHD) = 2006
GROUP BY CTHD.MASP, TENSP
ORDER BY SUM(SL) ASC

/* C2 */
SELECT A.MASP, TENSP FROM (
	SELECT MASP, RANK() OVER (ORDER BY SUM(SL)) RANK_SL
	FROM CTHD CT INNER JOIN HOADON HD
	ON CT.SOHD = HD.SOHD
	WHERE YEAR(NGHD) = '2006'
	GROUP BY MASP
) A INNER JOIN SANPHAM SP
ON A.MASP = SP.MASP
WHERE RANK_SL = 1
-- 42.	*Mỗi nước sản xuất, tìm sản phẩm (MASP,TENSP) có giá bán cao nhất.
/* C1 */
SELECT NUOCSX, MASP, TENSP
FROM (
    SELECT NUOCSX, MASP, TENSP, 
           ROW_NUMBER() OVER (PARTITION BY NUOCSX ORDER BY GIA DESC) AS RANK_GIA
    FROM SANPHAM
) SP
WHERE RANK_GIA = 1;
/* C2 */
SELECT NUOCSX, MASP, TENSP FROM (
	SELECT NUOCSX, MASP, TENSP, GIA, RANK() OVER (PARTITION BY NUOCSX ORDER BY GIA DESC) RANK_GIA FROM SANPHAM
) A 
WHERE RANK_GIA = 1
-- 43.	Tìm nước sản xuất sản xuất ít nhất 3 sản phẩm có giá bán khác nhau.
SELECT NUOCSX
FROM SANPHAM
GROUP BY NUOCSX
HAVING COUNT(DISTINCT GIA) >= 3				

-- 44.	*Trong 10 khách hàng có doanh số cao nhất, tìm khách hàng có số lần mua hàng nhiều nhất.
SELECT MAKH, HOTEN FROM (
	SELECT TOP 10 HD.MAKH, HOTEN, DOANHSO, RANK() OVER (ORDER BY COUNT(HD.MAKH) DESC) RANK_SOLAN
	FROM HOADON HD INNER JOIN KHACHHANG KH
	ON HD.MAKH = KH.MAKH
	GROUP BY HD.MAKH, HOTEN, DOANHSO
	ORDER BY DOANHSO DESC
) A
WHERE RANK_SOLAN = 1

